"GEO_ID","NAME","B25070_001E","B25070_001M","B25070_002E","B25070_002M","B25070_003E","B25070_003M","B25070_004E","B25070_004M","B25070_005E","B25070_005M","B25070_006E","B25070_006M","B25070_007E","B25070_007M","B25070_008E","B25070_008M","B25070_009E","B25070_009M","B25070_010E","B25070_010M","B25070_011E","B25070_011M"
"id","Geographic Area Name","Estimate!!Total:","Margin of Error!!Total:","Estimate!!Total:!!Less than 10.0 percent","Margin of Error!!Total:!!Less than 10.0 percent","Estimate!!Total:!!10.0 to 14.9 percent","Margin of Error!!Total:!!10.0 to 14.9 percent","Estimate!!Total:!!15.0 to 19.9 percent","Margin of Error!!Total:!!15.0 to 19.9 percent","Estimate!!Total:!!20.0 to 24.9 percent","Margin of Error!!Total:!!20.0 to 24.9 percent","Estimate!!Total:!!25.0 to 29.9 percent","Margin of Error!!Total:!!25.0 to 29.9 percent","Estimate!!Total:!!30.0 to 34.9 percent","Margin of Error!!Total:!!30.0 to 34.9 percent","Estimate!!Total:!!35.0 to 39.9 percent","Margin of Error!!Total:!!35.0 to 39.9 percent","Estimate!!Total:!!40.0 to 49.9 percent","Margin of Error!!Total:!!40.0 to 49.9 percent","Estimate!!Total:!!50.0 percent or more","Margin of Error!!Total:!!50.0 percent or more","Estimate!!Total:!!Not computed","Margin of Error!!Total:!!Not computed"
"0600000US2500100000","County subdivisions not defined, Barnstable County, Massachusetts","0","12","0","12","0","12","0","12","0","12","0","12","0","12","0","12","0","12","0","12","0","12"
"0600000US2500103690","Barnstable Town city, Barnstable County, Massachusetts","4707","373","44","36","412","140","531","181","583","201","457","176","523","165","162","81","346","159","1322","281","327","115"
"0600000US2500107175","Bourne town, Barnstable County, Massachusetts","2375","279","85","51","178","130","256","134","258","129","224","103","229","123","121","72","162","80","395","124","467","128"
"0600000US2500107980","Brewster town, Barnstable County, Massachusetts","651","167","0","17","86","96","44","42","74","65","39","38","31","38","40","38","151","95","70","54","116","92"
"0600000US2500112995","Chatham town, Barnstable County, Massachusetts","453","127","24","22","62","68","15","22","30","33","6","10","9","14","66","51","53","38","150","95","38","31"
"0600000US2500116775","Dennis town, Barnstable County, Massachusetts","1815","241","79","53","79","64","205","88","118","65","178","92","161","80","115","81","257","134","545","153","78","43"
"0600000US2500119295","Eastham town, Barnstable County, Massachusetts","223","110","0","12","0","12","0","12","12","19","8","14","0","12","0","12","70","78","54","51","79","46"
"0600000US2500123105","Falmouth town, Barnstable County, Massachusetts","3057","332","56","38","144","86","438","181","202","81","415","150","301","139","386","139","97","49","795","176","223","122"
"0600000US2500129020","Harwich town, Barnstable County, Massachusetts","832","233","13","21","9","14","144","110","140","79","191","144","102","88","18","22","38","30","102","59","75","38"
"0600000US2500139100","Mashpee town, Barnstable County, Massachusetts","852","203","7","11","88","66","37","47","97","60","26","25","74","60","54","61","46","34","296","152","127","79"
"0600000US2500151440","Orleans town, Barnstable County, Massachusetts","469","120","9","13","13","16","62","55","65","39","97","67","10","15","43","55","37","34","133","78","0","17"
"0600000US2500155500","Provincetown town, Barnstable County, Massachusetts","365","89","17","21","10","15","8","13","64","51","40","33","17","19","23","26","32","26","128","66","26","19"
"0600000US2500159735","Sandwich town, Barnstable County, Massachusetts","711","185","36","34","8","13","95","77","97","79","37","55","53","59","90","73","57","50","190","93","48","42"
"0600000US2500170605","Truro town, Barnstable County, Massachusetts","106","69","0","12","0","12","0","12","0","12","42","44","0","12","0","12","22","35","0","12","42","45"
"0600000US2500174385","Wellfleet town, Barnstable County, Massachusetts","240","97","0","12","9","14","36","36","11","18","0","12","13","21","34","32","3","11","82","68","52","36"
"0600000US2500182525","Yarmouth town, Barnstable County, Massachusetts","2180","302","40","30","107","61","194","109","250","111","269","97","134","69","177","101","252","112","608","169","149","83"
"0600000US2500300555","Adams town, Berkshire County, Massachusetts","1485","178","137","72","158","86","183","81","152","69","98","45","197","79","70","55","91","58","305","126","94","59"
"0600000US2500300975","Alford town, Berkshire County, Massachusetts","7","5","3","4","0","12","0","12","0","12","2","3","0","12","0","12","0","12","0","12","2","3"
"0600000US2500304545","Becket town, Berkshire County, Massachusetts","70","34","8","12","18","21","6","8","22","17","0","12","5","6","4","6","0","12","0","12","7","6"
"0600000US2500313345","Cheshire town, Berkshire County, Massachusetts","267","115","0","12","45","48","66","62","53","61","20","32","15","23","0","12","0","12","0","12","68","52"
"0600000US2500314010","Clarksburg town, Berkshire County, Massachusetts","56","24","0","12","0","12","13","10","12","7","0","12","4","5","0","12","4","5","11","16","12","19"
"0600000US2500316180","Dalton town, Berkshire County, Massachusetts","748","177","15","25","21","32","104","72","197","134","42","48","73","67","26","39","96","79","138","99","36","42"
"0600000US2500321360","Egremont town, Berkshire County, Massachusetts","102","40","25","21","0","12","2","5","3","4","8","12","26","24","0","12","5","7","23","23","10","9"
"0600000US2500324120","Florida town, Berkshire County, Massachusetts","41","23","0","12","0","12","0","12","11","12","14","12","0","12","0","12","0","12","10","11","6","6"
"0600000US2500326815","Great Barrington town, Berkshire County, Massachusetts","897","203","0","17","64","62","101","57","52","58","213","137","163","131","58","56","14","23","181","134","51","48"
"0600000US2500328180","Hancock town, Berkshire County, Massachusetts","52","19","0","12","10","10","0","12","9","6","0","12","10","11","0","12","2","4","2","3","19","10"
"0600000US2500330315","Hinsdale town, Berkshire County, Massachusetts","180","55","0","12","45","39","41","34","29","36","0","12","16","24","0","12","0","12","49","38","0","12"
"0600000US2500334340","Lanesborough town, Berkshire County, Massachusetts","182","95","12","19","0","12","12","19","20","23","0","12","0","12","0","12","0","12","67","59","71","76"
"0600000US2500334655","Lee town, Berkshire County, Massachusetts","695","179","46","55","27","26","183","113","15","26","95","55","105","70","21","25","93","82","47","47","63","79"
"0600000US2500334970","Lenox town, Berkshire County, Massachusetts","785","191","77","62","57","43","73","50","107","82","38","43","38","37","22","36","149","104","173","89","51","81"
"0600000US2500342460","Monterey town, Berkshire County, Massachusetts","46","24","0","12","3","4","0","12","7","7","0","12","0","12","0","12","19","20","0","12","17","12"
"0600000US2500343300","Mount Washington town, Berkshire County, Massachusetts","8","10","0","12","0","12","0","12","0","12","0","12","0","12","0","12","0","12","0","12","8","10"
"0600000US2500344385","New Ashford town, Berkshire County, Massachusetts","23","12","1","4","0","12","2","3","4","5","6","8","0","12","0","12","1","3","9","8","0","12"
"0600000US2500345420","New Marlborough town, Berkshire County, Massachusetts","81","33","0","12","0","12","13","12","4","5","16","11","11","16","0","12","16","18","2","4","19","20"
"0600000US2500346225","North Adams city, Berkshire County, Massachusetts","2370","260","166","96","168","80","217","103","131","52","349","125","359","127","122","53","143","73","548","168","167","82"
"0600000US2500351580","Otis town, Berkshire County, Massachusetts","96","41","0","12","4","5","0","12","0","12","10","15","22","25","12","18","0","12","3","5","45","30"
"0600000US2500353050","Peru town, Berkshire County, Massachusetts","24","16","0","12","0","12","0","12","0","12","2","3","0","12","0","12","0","12","2","3","20","16"
"0600000US2500353960","Pittsfield city, Berkshire County, Massachusetts","7383","427","287","153","601","180","834","229","848","211","659","141","637","160","510","156","745","231","1902","300","360","161"
"0600000US2500356795","Richmond town, Berkshire County, Massachusetts","35","22","0","12","0","12","12","10","0","12","0","12","0","12","8","8","11","17","4","5","0","12"
"0600000US2500359665","Sandisfield town, Berkshire County, Massachusetts","5","4","3","4","0","12","0","12","0","12","0","12","0","12","0","12","0","12","2","4","0","12"
"0600000US2500360225","Savoy town, Berkshire County, Massachusetts","24","16","0","12","6","6","0","12","5","6","0","12","11","13","2","3","0","12","0","12","0","12"
"0600000US2500361065","Sheffield town, Berkshire County, Massachusetts","219","83","0","12","19","22","18","22","21","29","13","19","51","58","0","12","37","26","40","24","20","22"
"0600000US2500367595","Stockbridge town, Berkshire County, Massachusetts","301","74","30","28","0","12","22","22","28","22","31","33","31","28","25","27","16","14","70","43","48","37"
"0600000US2500371095","Tyringham town, Berkshire County, Massachusetts","21","12","0","12","2","2","0","12","4","6","1","2","0","12","0","12","0","12","6","5","8","9"
"0600000US2500373335","Washington town, Berkshire County, Massachusetts","11","9","0","12","0","12","0","12","0","12","3","4","0","12","0","12","0","12","0","12","8","7"
"0600000US2500377990","West Stockbridge town, Berkshire County, Massachusetts","61","29","3","4","0","12","0","12","3","6","4","5","0","12","5","5","12","18","17","20","17","18"
"0600000US2500379985","Williamstown town, Berkshire County, Massachusetts","610","109","54","58","34","25","51","35","80","49","68","56","84","44","30","29","58","35","118","69","33","24"
"0600000US2500380685","Windsor town, Berkshire County, Massachusetts","0","12","0","12","0","12","0","12","0","12","0","12","0","12","0","12","0","12","0","12","0","12"
"0600000US2500500000","County subdivisions not defined, Bristol County, Massachusetts","0","12","0","12","0","12","0","12","0","12","0","12","0","12","0","12","0","12","0","12","0","12"
"0600000US2500500520","Acushnet town, Bristol County, Massachusetts","540","151","0","19","38","47","47","48","153","109","73","56","51","44","81","74","15","23","37","26","45","53"
"0600000US2500502690","Attleboro city, Bristol County, Massachusetts","5466","447","218","99","291","143","596","180","652","189","964","264","794","251","351","169","271","105","1112","248","217","132"
"0600000US2500505280","Berkley town, Bristol County, Massachusetts","75","60","0","17","0","17","0","17","0","17","0","17","0","17","0","17","23","37","0","17","52","51"
"0600000US2500516425","Dartmouth town, Bristol County, Massachusetts","2480","273","183","129","269","124","290","126","191","96","405","157","159","93","245","151","140","104","480","169","118","67"
"0600000US2500516950","Dighton town, Bristol County, Massachusetts","274","115","0","17","50","48","61","59","22","34","62","50","0","17","15","26","21","33","0","17","43","50"
"0600000US2500520100","Easton town, Bristol County, Massachusetts","1926","205","81","62","162","112","331","125","221","81","206","106","201","89","89","61","146","59","451","127","38","50"
"0600000US2500522130","Fairhaven town, Bristol County, Massachusetts","1562","230","26","29","113","60","262","99","254","116","187","101","171","95","110","61","75","51","219","87","145","84"
"0600000US2500523000","Fall River city, Bristol County, Massachusetts","24492","838","1543","270","2972","422","2769","388","2504","363","2383","401","2071","301","1438","309","1936","386","5833","629","1043","235"
"0600000US2500525240","Freetown town, Bristol County, Massachusetts","299","110","0","17","37","49","37","27","46","36","13","22","0","17","35","40","16","19","107","64","8","12"
"0600000US2500538225","Mansfield town, Bristol County, Massachusetts","2379","275","79","58","489","197","426","187","186","92","261","128","300","140","119","83","113","71","286","125","120","75"
"0600000US2500545000","New Bedford city, Bristol County, Massachusetts","23262","691","1352","240","2831","395","3272","320","2363","364","2188","310","1627","250","1315","240","1734","254","5254","434","1326","242"
"0600000US2500546575","North Attleborough town, Bristol County, Massachusetts","3636","312","122","70","403","182","540","188","471","172","435","176","348","124","139","95","264","110","738","262","176","90"
"0600000US2500549970","Norton town, Bristol County, Massachusetts","974","201","27","24","103","70","197","100","111","58","54","41","84","58","51","36","37","32","262","137","48","39"
"0600000US2500556060","Raynham town, Bristol County, Massachusetts","995","194","14","22","202","153","90","76","43","54","233","156","75","55","32","48","26","45","248","149","32","31"
"0600000US2500556375","Rehoboth town, Bristol County, Massachusetts","395","157","12","21","0","19","56","82","72","74","70","75","38","53","13","22","13","21","76","67","45","48"
"0600000US2500560645","Seekonk town, Bristol County, Massachusetts","983","232","0","19","115","97","291","154","192","103","67","57","69","49","12","20","60","59","161","147","16","25"
"0600000US2500562430","Somerset town, Bristol County, Massachusetts","1388","272","68","48","201","112","213","128","104","87","168","94","75","56","130","90","86","54","208","94","135","66"
"0600000US2500568750","Swansea town, Bristol County, Massachusetts","748","190","96","109","93","73","33","34","112","83","39","35","75","62","9","15","115","82","35","37","141","95"
"0600000US2500569170","Taunton city, Bristol County, Massachusetts","8408","479","381","124","649","196","1007","223","990","245","677","171","703","201","515","193","824","241","2118","367","544","172"
"0600000US2500577570","Westport town, Bristol County, Massachusetts","1122","217","8","12","195","128","113","89","43","36","100","70","134","90","87","81","154","115","179","85","109","78"
"0600000US2500701585","Aquinnah town, Dukes County, Massachusetts","35","33","0","12","0","12","11","15","0","12","3","5","5","8","7","14","2","5","7","9","0","12"
"0600000US2500713800","Chilmark town, Dukes County, Massachusetts","93","49","4","5","3","5","16","19","13","12","5","8","0","12","0","12","0","12","31","39","21","19"
"0600000US2500721150","Edgartown town, Dukes County, Massachusetts","326","117","22","25","20","27","25","36","0","12","37","46","23","37","19","31","35","56","65","53","80","76"
"0600000US2500726325","Gosnold town, Dukes County, Massachusetts","4","6","0","12","0","12","0","12","0","12","0","12","0","12","0","12","0","12","2","4","2","3"
"0600000US2500750390","Oak Bluffs town, Dukes County, Massachusetts","451","201","0","12","82","74","0","12","56","72","59","69","62","71","43","72","34","53","115","128","0","12"
"0600000US2500769940","Tisbury town, Dukes County, Massachusetts","829","204","12","22","77","90","0","12","125","100","0","12","39","50","50","52","36","56","208","119","282","133"
"0600000US2500778235","West Tisbury town, Dukes County, Massachusetts","134","87","0","12","0","12","0","12","24","37","0","12","0","12","41","47","60","63","0","12","9","13"
"0600000US2500900000","County subdivisions not defined, Essex County, Massachusetts","0","12","0","12","0","12","0","12","0","12","0","12","0","12","0","12","0","12","0","12","0","12"
"0600000US2500901260","Amesbury Town city, Essex County, Massachusetts","2153","208","26","41","153","89","185","84","331","123","375","103","282","99","112","56","91","52","543","121","55","42"
"0600000US2500901465","Andover town, Essex County, Massachusetts","2389","233","135","74","157","80","361","139","311","104","254","95","200","97","75","52","238","103","398","120","260","108"
"0600000US2500905595","Beverly city, Essex County, Massachusetts","6491","394","221","117","456","168","591","166","619","182","840","197","572","151","417","184","482","137","2030","337","263","124"
"0600000US2500907420","Boxford town, Essex County, Massachusetts","66","54","0","17","0","17","0","17","37","40","0","17","0","17","15","26","0","17","0","17","14","25"
"0600000US2500916250","Danvers town, Essex County, Massachusetts","3063","272","137","93","230","87","378","159","302","127","309","131","259","113","145","81","276","108","858","232","169","103"
"0600000US2500921850","Essex town, Essex County, Massachusetts","260","84","9","15","20","22","20","21","35","37","17","21","18","21","36","38","48","49","20","22","37","44"
"0600000US2500925625","Georgetown town, Essex County, Massachusetts","632","124","10","15","67","56","54","34","39","29","112","81","106","78","0","17","54","28","177","88","13","20"
"0600000US2500926150","Gloucester city, Essex County, Massachusetts","4715","318","168","98","176","91","497","135","682","175","509","149","569","170","313","119","364","112","1172","200","265","94"
"0600000US2500927620","Groveland town, Essex County, Massachusetts","315","139","0","17","28","33","15","24","64","80","0","17","0","17","0","17","20","25","92","76","96","86"
"0600000US2500927900","Hamilton town, Essex County, Massachusetts","519","99","16","18","10","16","30","29","11","17","51","43","10","17","65","70","44","42","131","61","151","79"
"0600000US2500929405","Haverhill city, Essex County, Massachusetts","10406","511","325","161","638","200","1199","281","1227","233","1210","268","811","184","632","186","1042","199","2850","399","472","171"
"0600000US2500932310","Ipswich town, Essex County, Massachusetts","1630","230","27","24","141","72","274","109","140","74","173","74","160","93","93","51","165","83","302","120","155","81"
"0600000US2500934550","Lawrence city, Essex County, Massachusetts","17909","785","591","162","1142","221","1836","301","1742","370","1940","291","1894","293","885","171","2045","364","5226","489","608","184"
"0600000US2500937490","Lynn city, Essex County, Massachusetts","17968","650","642","171","1110","213","1601","280","2126","392","1990","332","1737","267","1008","212","1830","305","5079","477","845","203"
"0600000US2500937560","Lynnfield town, Essex County, Massachusetts","685","161","46","48","16","25","29","37","72","46","14","23","11","17","68","63","56","47","373","132","0","19"
"0600000US2500937995","Manchester-by-the-Sea town, Essex County, Massachusetts","494","135","30","49","33","38","59","54","37","43","86","88","108","90","14","21","20","30","93","97","14","21"
"0600000US2500938400","Marblehead town, Essex County, Massachusetts","1804","226","101","105","123","75","219","85","89","47","278","128","306","150","97","61","105","74","379","159","107","69"
"0600000US2500940430","Merrimac town, Essex County, Massachusetts","350","113","13","25","26","29","62","67","51","60","40","41","0","17","40","50","13","21","70","73","35","30"
"0600000US2500940710","Methuen Town city, Essex County, Massachusetts","5048","334","190","146","454","208","412","172","487","141","429","153","337","109","406","167","526","174","1421","237","386","123"
"0600000US2500941095","Middleton town, Essex County, Massachusetts","349","141","73","112","24","38","15","24","0","17","27","40","0","17","17","27","51","50","91","60","51","47"
"0600000US2500943580","Nahant town, Essex County, Massachusetts","473","86","27","26","49","34","80","59","52","32","50","33","34","32","47","61","46","47","88","51","0","12"
"0600000US2500945175","Newbury town, Essex County, Massachusetts","351","116","14","23","16","26","42","40","0","17","42","39","30","34","0","17","14","21","68","53","125","93"
"0600000US2500945245","Newburyport city, Essex County, Massachusetts","1787","237","93","110","190","86","111","66","276","133","269","130","164","98","112","87","54","52","446","211","72","53"
"0600000US2500946365","North Andover town, Essex County, Massachusetts","3183","316","47","39","252","152","489","152","486","183","319","138","198","101","167","93","301","148","801","237","123","72"
"0600000US2500952490","Peabody city, Essex County, Massachusetts","7423","424","271","116","442","187","685","217","862","216","543","176","1007","275","499","184","818","242","1978","399","318","133"
"0600000US2500957880","Rockport town, Essex County, Massachusetts","1032","162","52","53","94","60","146","87","149","78","135","69","66","56","48","36","96","51","183","79","63","59"
"0600000US2500958405","Rowley town, Essex County, Massachusetts","414","121","15","24","32","36","79","62","20","32","92","63","63","57","18","27","0","17","77","72","18","28"
"0600000US2500959105","Salem city, Essex County, Massachusetts","8936","613","205","91","525","202","1042","245","1218","303","1097","277","1012","247","452","198","580","184","2569","420","236","101"
"0600000US2500959245","Salisbury town, Essex County, Massachusetts","715","160","20","22","70","53","98","58","133","82","28","25","34","32","23","26","37","33","186","83","86","77"
"0600000US2500960015","Saugus town, Essex County, Massachusetts","2023","260","95","75","284","115","140","79","125","105","357","133","113","94","71","68","303","155","440","207","95","58"
"0600000US2500968645","Swampscott town, Essex County, Massachusetts","1322","225","95","66","17","17","59","46","209","92","159","87","98","80","136","111","81","51","424","167","44","42"
"0600000US2500970150","Topsfield town, Essex County, Massachusetts","214","92","0","17","18","29","18","29","14","22","38","42","16","26","15","25","20","35","75","88","0","17"
"0600000US2500974595","Wenham town, Essex County, Massachusetts","142","63","10","17","11","17","0","17","9","13","0","17","25","38","0","17","0","17","46","31","41","32"
"0600000US2500977150","West Newbury town, Essex County, Massachusetts","137","67","0","12","10","16","0","12","9","13","25","28","29","27","0","12","0","12","9","14","55","59"
"0600000US2501102095","Ashfield town, Franklin County, Massachusetts","122","39","0","12","26","24","16","18","14","10","10","11","13","9","0","12","0","12","22","19","21","17"
"0600000US2501105560","Bernardston town, Franklin County, Massachusetts","194","57","0","12","19","22","0","12","38","28","8","10","4","8","36","31","13","13","23","17","53","41"
"0600000US2501109595","Buckland town, Franklin County, Massachusetts","229","74","6","8","31","23","21","14","22","21","18","12","0","12","0","12","35","36","44","35","52","61"
"0600000US2501112505","Charlemont town, Franklin County, Massachusetts","98","40","0","12","19","17","15","11","7","7","27","21","3","5","0","12","5","6","8","9","14","16"
"0600000US2501114885","Colrain town, Franklin County, Massachusetts","128","41","3","4","14","17","15","16","9","9","6","5","0","12","15","15","8","5","18","16","40","25"
"0600000US2501115200","Conway town, Franklin County, Massachusetts","123","46","11","17","3","4","3","4","15","17","25","24","31","23","0","12","0","12","16","17","19","21"
"0600000US2501116670","Deerfield town, Franklin County, Massachusetts","431","153","25","38","73","53","11","19","58","45","45","49","13","22","0","17","0","17","175","132","31","37"
"0600000US2501121780","Erving town, Franklin County, Massachusetts","118","42","0","12","19","12","16","17","10","15","16","15","14","14","0","12","11","9","22","20","10","15"
"0600000US2501125730","Gill town, Franklin County, Massachusetts","106","36","3","5","3","5","11","9","12","10","20","18","0","12","15","17","3","4","16","10","23","19"
"0600000US2501127100","Greenfield Town city, Franklin County, Massachusetts","3520","291","120","77","377","142","305","134","446","149","457","165","322","123","232","133","387","147","723","190","151","98"
"0600000US2501129475","Hawley town, Franklin County, Massachusetts","9","5","0","12","0","12","0","12","3","4","0","12","0","12","0","12","1","4","1","2","4","4"
"0600000US2501129650","Heath town, Franklin County, Massachusetts","4","3","0","12","0","12","0","12","0","12","0","12","0","12","0","12","0","12","0","12","4","3"
"0600000US2501135180","Leverett town, Franklin County, Massachusetts","87","25","4","7","4","5","3","5","5","6","9","9","2","5","18","19","4","5","27","15","11","9"
"0600000US2501135285","Leyden town, Franklin County, Massachusetts","17","15","0","12","0","12","0","12","0","12","8","13","0","12","0","12","2","4","3","4","4","5"
"0600000US2501142040","Monroe town, Franklin County, Massachusetts","13","11","2","3","2","3","0","12","0","12","0","12","0","12","0","12","0","12","7","8","2","3"
"0600000US2501142285","Montague town, Franklin County, Massachusetts","1583","156","54","48","125","64","249","100","202","98","132","61","184","69","86","62","66","39","371","111","114","71"
"0600000US2501145490","New Salem town, Franklin County, Massachusetts","62","34","0","12","7","7","3","5","10","11","8","11","11","18","0","12","3","6","17","19","3","5"
"0600000US2501147835","Northfield town, Franklin County, Massachusetts","200","80","0","12","8","13","45","38","9","15","22","25","33","31","15","21","0","12","58","56","10","16"
"0600000US2501151265","Orange town, Franklin County, Massachusetts","946","174","30","27","24","24","56","42","102","61","187","90","75","67","111","80","67","52","248","109","46","32"
"0600000US2501158335","Rowe town, Franklin County, Massachusetts","18","8","0","12","0","12","3","4","0","12","0","12","0","12","1","3","0","12","0","12","14","6"
"0600000US2501161135","Shelburne town, Franklin County, Massachusetts","295","70","17","15","32","32","35","32","32","30","20","16","44","30","29","30","19","17","31","23","36","33"
"0600000US2501161905","Shutesbury town, Franklin County, Massachusetts","74","26","4","6","9","9","10","17","4","5","6","7","7","8","7","7","0","12","24","14","3","4"
"0600000US2501168400","Sunderland town, Franklin County, Massachusetts","1002","117","0","12","42","49","79","66","34","38","109","76","78","50","138","97","77","59","421","139","24","39"
"0600000US2501173265","Warwick town, Franklin County, Massachusetts","23","12","0","12","3","5","0","12","0","12","3","4","2","3","0","12","9","9","2","3","4","5"
"0600000US2501174525","Wendell town, Franklin County, Massachusetts","79","35","2","3","0","12","6","10","5","5","2","3","6","6","2","3","16","19","21","21","19","14"
"0600000US2501179110","Whately town, Franklin County, Massachusetts","109","40","3","6","9","9","2","4","31","26","10","9","0","12","7","8","10","16","26","24","11","17"
"0600000US2501300840","Agawam Town city, Hampden County, Massachusetts","2866","299","144","89","262","111","307","142","434","174","163","79","201","107","143","92","173","81","771","189","268","116"
"0600000US2501306085","Blandford town, Hampden County, Massachusetts","24","23","0","12","10","16","3","5","0","12","0","12","0","12","0","12","0","12","0","12","11","16"
"0600000US2501308470","Brimfield town, Hampden County, Massachusetts","173","63","8","14","13","20","0","12","18","19","0","12","32","29","28","26","0","12","60","53","14","21"
"0600000US2501313485","Chester town, Hampden County, Massachusetts","111","34","7","7","4","6","3","5","0","12","3","5","3","5","3","4","14","8","51","31","23","18"
"0600000US2501313660","Chicopee city, Hampden County, Massachusetts","9557","500","519","159","673","169","1029","248","1088","252","1403","262","735","204","570","158","888","220","2128","369","524","187"
"0600000US2501319645","East Longmeadow town, Hampden County, Massachusetts","1034","194","60","40","51","33","121","105","32","31","133","94","119","84","46","53","58","48","292","106","122","65"
"0600000US2501326675","Granville town, Hampden County, Massachusetts","37","20","0","12","4","5","6","7","7","7","0","12","0","12","0","12","0","12","17","17","3","4"
"0600000US2501328075","Hampden town, Hampden County, Massachusetts","173","57","0","17","0","17","49","36","16","24","14","19","13","21","18","18","26","29","27","21","10","17"
"0600000US2501330665","Holland town, Hampden County, Massachusetts","126","55","0","12","15","22","12","12","5","7","21","30","10","11","16","24","6","8","17","15","24","28"
"0600000US2501330840","Holyoke city, Hampden County, Massachusetts","9064","399","419","125","612","161","1238","249","528","162","1222","206","896","196","356","129","704","198","2765","363","324","128"
"0600000US2501336300","Longmeadow town, Hampden County, Massachusetts","555","155","185","129","0","19","55","47","24","38","26","25","66","55","8","14","18","22","150","83","23","30"
"0600000US2501337175","Ludlow town, Hampden County, Massachusetts","2147","270","71","55","266","120","212","86","429","193","163","95","197","108","57","44","73","49","481","182","198","98"
"0600000US2501342145","Monson town, Hampden County, Massachusetts","610","120","48","50","32","30","89","74","71","40","0","17","87","64","30","34","66","48","98","59","89","45"
"0600000US2501342530","Montgomery town, Hampden County, Massachusetts","8","6","2","3","0","12","0","12","2","3","0","12","0","12","0","12","0","12","0","12","4","5"
"0600000US2501352144","Palmer Town city, Hampden County, Massachusetts","1382","192","83","52","42","41","225","108","175","108","197","132","135","73","89","72","116","80","250","108","70","53"
"0600000US2501358650","Russell town, Hampden County, Massachusetts","82","47","0","12","19","22","9","15","18","15","10","15","0","12","23","25","3","4","0","12","0","12"
"0600000US2501365825","Southwick town, Hampden County, Massachusetts","710","161","24","28","83","59","12","18","49","41","90","67","109","90","91","76","52","78","174","94","26","28"
"0600000US2501367000","Springfield city, Hampden County, Massachusetts","30067","790","978","267","2047","347","2114","363","2731","356","3048","407","3226","418","2233","320","2818","421","9330","607","1542","242"
"0600000US2501370045","Tolland town, Hampden County, Massachusetts","26","17","0","12","7","10","5","8","0","12","0","12","0","12","2","3","2","5","8","12","2","3"
"0600000US2501372390","Wales town, Hampden County, Massachusetts","154","47","0","12","7","7","18","20","16","16","15","10","3","5","13","18","11","9","32","28","39","23"
"0600000US2501376030","Westfield city, Hampden County, Massachusetts","5028","380","103","69","436","159","640","191","721","216","740","197","618","218","249","99","396","135","915","207","210","90"
"0600000US2501377890","West Springfield Town city, Hampden County, Massachusetts","5199","400","224","125","586","248","784","197","592","200","315","135","541","193","216","91","618","194","1090","296","233","91"
"0600000US2501379740","Wilbraham town, Hampden County, Massachusetts","622","148","0","19","59","54","37","43","29","34","141","96","96","108","0","19","79","53","68","66","113","70"
"0600000US2501501325","Amherst town, Hampshire County, Massachusetts","4869","398","102","70","148","87","365","129","703","265","384","148","233","109","284","136","558","203","1705","381","387","170"
"0600000US2501504825","Belchertown town, Hampshire County, Massachusetts","1032","229","40","31","85","50","94","58","155","110","223","128","89","88","86","92","114","149","99","69","47","55"
"0600000US2501513590","Chesterfield town, Hampshire County, Massachusetts","54","22","2","4","5","6","6","7","6","8","0","12","0","12","3","6","4","6","24","19","4","7"
"0600000US2501516040","Cummington town, Hampshire County, Massachusetts","98","24","0","12","13","10","13","9","0","12","3","5","0","12","4","5","9","8","37","16","19","11"
"0600000US2501519370","Easthampton Town city, Hampshire County, Massachusetts","2821","311","80","80","209","87","408","186","428","161","265","129","189","96","266","140","380","185","408","155","188","91"
"0600000US2501526290","Goshen town, Hampshire County, Massachusetts","50","23","0","12","15","16","0","12","7","8","12","12","0","12","3","5","0","12","6","9","7","7"
"0600000US2501526535","Granby town, Hampshire County, Massachusetts","336","125","0","17","49","74","21","36","22","35","0","17","45","52","12","20","17","28","140","87","30","51"
"0600000US2501527690","Hadley town, Hampshire County, Massachusetts","496","129","13","20","0","17","62","55","41","45","14","23","70","82","59","54","48","35","137","101","52","43"
"0600000US2501529265","Hatfield town, Hampshire County, Massachusetts","416","112","11","14","25","21","40","30","86","58","27","19","97","76","0","12","50","50","32","28","48","47"
"0600000US2501531785","Huntington town, Hampshire County, Massachusetts","163","66","0","12","6","9","0","12","91","57","12","13","7","10","0","12","0","12","14","16","33","28"
"0600000US2501540990","Middlefield town, Hampshire County, Massachusetts","5","5","0","12","0","12","0","12","0","12","0","12","0","12","0","12","0","12","0","12","5","5"
"0600000US2501546330","Northampton city, Hampshire County, Massachusetts","5025","303","176","66","374","107","538","138","645","162","532","158","649","148","308","114","477","150","1190","215","136","85"
"0600000US2501552560","Pelham town, Hampshire County, Massachusetts","152","42","7","7","3","7","24","18","24","15","20","31","11","11","19","21","14","15","19","11","11","10"
"0600000US2501554030","Plainfield town, Hampshire County, Massachusetts","54","30","13","18","2","3","0","12","3","4","0","12","16","14","0","12","3","4","9","7","8","12"
"0600000US2501562745","Southampton town, Hampshire County, Massachusetts","219","113","36","42","0","17","67","84","20","31","16","28","0","17","25","37","0","17","55","53","0","17"
"0600000US2501564145","South Hadley town, Hampshire County, Massachusetts","1806","267","65","46","224","124","180","81","173","83","187","107","128","85","25","30","277","146","481","149","66","42"
"0600000US2501572880","Ware town, Hampshire County, Massachusetts","1437","182","17","20","104","75","236","110","73","45","229","99","244","115","60","53","108","60","291","105","75","54"
"0600000US2501576380","Westhampton town, Hampshire County, Massachusetts","63","28","0","12","13","16","15","14","0","12","0","12","3","4","0","12","15","18","10","8","7","7"
"0600000US2501579915","Williamsburg town, Hampshire County, Massachusetts","329","75","5","7","63","44","20","27","41","34","28","27","25","18","48","32","6","8","59","35","34","37"
"0600000US2501582175","Worthington town, Hampshire County, Massachusetts","72","30","14","17","0","12","4","5","0","12","32","21","11","7","0","12","0","12","4","5","7","7"
"0600000US2501700380","Acton town, Middlesex County, Massachusetts","2272","224","65","48","292","118","364","139","299","131","321","132","171","92","86","62","167","81","402","156","105","63"
"0600000US2501701605","Arlington town, Middlesex County, Massachusetts","8009","477","354","138","739","238","1269","231","1402","290","955","201","629","140","398","128","507","171","1479","270","277","135"
"0600000US2501701955","Ashby town, Middlesex County, Massachusetts","90","44","0","12","0","12","29","23","18","26","6","9","3","5","0","12","0","12","28","27","6","9"
"0600000US2501702130","Ashland town, Middlesex County, Massachusetts","1185","203","55","59","227","119","108","61","74","60","112","74","135","62","95","65","49","42","251","118","79","66"
"0600000US2501703005","Ayer town, Middlesex County, Massachusetts","1307","240","0","17","260","190","199","131","324","143","181","97","16","25","54","50","75","96","139","101","59","46"
"0600000US2501704615","Bedford town, Middlesex County, Massachusetts","1386","180","107","64","122","80","232","110","158","85","221","87","155","70","65","54","86","83","184","88","56","45"
"0600000US2501705070","Belmont town, Middlesex County, Massachusetts","3483","236","135","55","418","108","542","137","504","107","319","87","234","85","256","99","225","83","545","114","305","100"
"0600000US2501705805","Billerica town, Middlesex County, Massachusetts","2942","362","53","50","312","156","363","125","407","173","344","176","330","162","134","103","300","161","511","197","188","92"
"0600000US2501707350","Boxborough town, Middlesex County, Massachusetts","708","124","104","70","60","43","105","72","101","60","42","35","47","32","52","38","34","38","123","109","40","36"
"0600000US2501709840","Burlington town, Middlesex County, Massachusetts","2638","310","42","39","307","155","349","152","381","164","307","134","272","135","182","108","48","44","627","163","123","72"
"0600000US2501711000","Cambridge city, Middlesex County, Massachusetts","30532","752","1449","235","2663","330","3669","376","4127","412","3967","395","2694","335","1877","316","2522","336","5956","520","1608","317"
"0600000US2501711525","Carlisle town, Middlesex County, Massachusetts","102","56","0","17","0","17","12","18","0","17","0","17","24","27","11","17","41","48","14","22","0","17"
"0600000US2501713135","Chelmsford town, Middlesex County, Massachusetts","2129","244","61","47","134","67","228","103","282","114","333","146","97","51","121","78","118","88","674","176","81","56"
"0600000US2501715060","Concord town, Middlesex County, Massachusetts","1657","217","34","37","187","103","145","67","93","66","204","79","249","131","36","40","165","83","427","144","117","84"
"0600000US2501717475","Dracut town, Middlesex County, Massachusetts","2461","337","70","55","131","88","286","120","310","162","168","85","358","134","100","82","212","145","732","196","94","69"
"0600000US2501717825","Dunstable town, Middlesex County, Massachusetts","61","31","5","8","16","23","6","9","0","12","17","14","6","9","0","12","0","12","6","8","5","8"
"0600000US2501721990","Everett city, Middlesex County, Massachusetts","9842","572","154","99","777","257","1220","302","1134","257","1035","311","841","264","610","217","925","260","2780","356","366","145"
"0600000US2501724960","Framingham city, Middlesex County, Massachusetts","13006","622","407","173","1613","300","1191","252","1572","287","1866","304","1380","288","916","215","958","245","2676","395","427","201"
"0600000US2501727480","Groton town, Middlesex County, Massachusetts","580","127","16","24","57","53","85","55","51","53","47","52","45","45","10","15","29","44","155","90","85","66"
"0600000US2501730700","Holliston town, Middlesex County, Massachusetts","454","123","0","19","48","39","110","74","19","29","88","70","0","19","10","16","0","19","151","95","28","31"
"0600000US2501731085","Hopkinton town, Middlesex County, Massachusetts","1072","161","25","32","0","19","157","83","138","104","103","85","108","63","56","51","213","127","244","110","28","25"
"0600000US2501731540","Hudson town, Middlesex County, Massachusetts","2164","283","25","32","94","74","349","119","459","156","369","152","169","125","167","94","93","70","369","127","70","51"
"0600000US2501735215","Lexington town, Middlesex County, Massachusetts","2163","238","237","97","238","105","247","108","196","87","263","109","120","95","104","63","163","81","411","135","184","87"
"0600000US2501735425","Lincoln town, Middlesex County, Massachusetts","1101","127","18","29","28","31","133","76","183","102","109","72","99","60","107","52","87","47","283","104","54","43"
"0600000US2501735950","Littleton town, Middlesex County, Massachusetts","427","107","9","13","9","14","100","72","26","20","31","29","25","29","48","45","9","14","122","61","48","40"
"0600000US2501737000","Lowell city, Middlesex County, Massachusetts","22741","760","733","178","1801","329","2449","323","2598","408","2564","350","2706","397","1157","263","1890","310","5570","506","1273","249"
"0600000US2501737875","Malden city, Middlesex County, Massachusetts","13589","624","288","120","1044","293","1678","315","1349","320","1335","301","1461","311","805","239","1115","261","3332","519","1182","325"
"0600000US2501738715","Marlborough city, Middlesex County, Massachusetts","6579","438","217","128","334","122","1143","326","945","211","712","229","331","150","616","229","893","224","1192","250","196","102"
"0600000US2501739625","Maynard town, Middlesex County, Massachusetts","902","194","18","31","64","47","201","86","100","83","148","66","88","76","53","50","122","103","60","51","48","46"
"0600000US2501739835","Medford city, Middlesex County, Massachusetts","10045","527","302","113","898","212","1557","267","1719","283","1347","245","723","172","428","152","580","180","1894","325","597","226"
"0600000US2501740115","Melrose city, Middlesex County, Massachusetts","3873","355","118","66","284","110","515","187","498","136","542","149","322","122","226","99","423","175","731","208","214","133"
"0600000US2501743895","Natick town, Middlesex County, Massachusetts","4514","351","245","129","554","190","720","184","577","139","442","137","329","151","326","156","328","177","830","214","163","75"
"0600000US2501745560","Newton city, Middlesex County, Massachusetts","8581","418","593","175","1061","205","1353","242","885","183","868","135","835","187","425","140","595","179","1468","229","498","106"
"0600000US2501748955","North Reading town, Middlesex County, Massachusetts","683","147","35","40","59","46","137","72","23","28","71","76","125","88","0","19","14","23","136","62","83","61"
"0600000US2501752805","Pepperell town, Middlesex County, Massachusetts","896","146","18","20","92","71","138","86","131","86","165","93","78","51","63","56","55","39","100","54","56","41"
"0600000US2501756130","Reading town, Middlesex County, Massachusetts","1458","182","7","11","196","109","190","80","195","99","174","76","230","111","58","35","46","42","340","116","22","28"
"0600000US2501761380","Sherborn town, Middlesex County, Massachusetts","61","41","12","18","0","12","0","12","0","12","0","12","0","12","16","25","14","19","11","18","8","14"
"0600000US2501761590","Shirley town, Middlesex County, Massachusetts","664","174","73","81","57","91","145","117","93","101","45","42","77","100","16","26","56","91","90","67","12","19"
"0600000US2501762535","Somerville city, Middlesex County, Massachusetts","21766","612","817","205","2035","309","3589","340","3600","420","2993","404","2422","364","945","245","1532","260","3221","449","612","179"
"0600000US2501767665","Stoneham town, Middlesex County, Massachusetts","3348","344","71","51","345","170","546","129","381","139","554","208","216","85","193","114","187","84","566","187","289","114"
"0600000US2501768050","Stow town, Middlesex County, Massachusetts","296","88","0","17","13","22","36","53","49","62","72","68","14","22","29","35","41","51","26","31","16","25"
"0600000US2501768260","Sudbury town, Middlesex County, Massachusetts","537","110","0","19","74","57","71","47","145","101","42","40","40","31","41","58","11","18","75","65","38","34"
"0600000US2501769415","Tewksbury town, Middlesex County, Massachusetts","1732","260","75","55","62","53","219","134","288","151","117","78","141","80","98","75","162","94","419","211","151","77"
"0600000US2501770360","Townsend town, Middlesex County, Massachusetts","486","105","13","21","46","33","53","39","42","33","69","31","61","42","40","30","51","39","67","55","44","48"
"0600000US2501771025","Tyngsborough town, Middlesex County, Massachusetts","749","192","73","78","4","16","28","41","169","111","102","77","75","83","66","69","18","25","123","77","91","97"
"0600000US2501772215","Wakefield town, Middlesex County, Massachusetts","2732","292","10","17","166","81","458","174","480","181","501","179","171","77","139","92","225","112","407","124","175","82"
"0600000US2501772600","Waltham city, Middlesex County, Massachusetts","11450","400","599","237","1350","235","1684","283","1517","300","1391","266","835","193","1095","219","896","228","1727","284","356","133"
"0600000US2501773440","Watertown Town city, Middlesex County, Massachusetts","7528","468","287","104","721","229","1384","258","1060","250","949","223","605","186","511","176","282","123","1368","294","361","126"
"0600000US2501773790","Wayland town, Middlesex County, Massachusetts","413","102","64","47","48","33","27","25","65","34","22","25","9","14","0","19","34","30","106","67","38","46"
"0600000US2501776135","Westford town, Middlesex County, Massachusetts","1187","175","14","12","85","61","320","125","147","88","120","68","120","81","42","40","39","31","211","87","89","50"
"0600000US2501777255","Weston town, Middlesex County, Massachusetts","539","131","106","64","46","39","28","33","44","39","0","19","42","41","15","24","21","27","142","90","95","67"
"0600000US2501780230","Wilmington town, Middlesex County, Massachusetts","1131","176","23","28","77","55","133","70","229","96","53","37","199","116","75","53","54","43","199","87","89","76"
"0600000US2501780510","Winchester town, Middlesex County, Massachusetts","1071","137","72","48","72","43","149","58","143","62","109","58","139","58","81","49","9","14","213","81","84","49"
"0600000US2501781035","Woburn city, Middlesex County, Massachusetts","6174","425","195","127","503","150","1289","315","616","182","639","225","526","171","456","180","433","165","1308","283","209","88"
"0600000US2501900000","County subdivisions not defined, Nantucket County, Massachusetts","0","12","0","12","0","12","0","12","0","12","0","12","0","12","0","12","0","12","0","12","0","12"
"0600000US2501943790","Nantucket town, Nantucket County, Massachusetts","1094","167","32","27","138","62","103","58","101","55","74","49","96","62","117","85","89","62","194","92","150","54"
"0600000US2502102935","Avon town, Norfolk County, Massachusetts","411","102","17","25","11","18","26","25","18","21","117","76","34","40","0","12","29","30","122","62","37","47"
"0600000US2502104930","Bellingham town, Norfolk County, Massachusetts","1188","208","139","127","109","85","94","59","129","83","116","66","127","89","74","62","92","82","187","113","121","110"
"0600000US2502107740","Braintree Town city, Norfolk County, Massachusetts","3787","311","96","71","385","170","507","159","484","136","459","175","372","144","182","94","368","179","774","169","160","66"
"0600000US2502109175","Brookline town, Norfolk County, Massachusetts","12484","445","426","135","847","212","1610","322","1730","281","1428","244","1203","203","409","135","1021","239","3054","369","756","192"
"0600000US2502111315","Canton town, Norfolk County, Massachusetts","2136","274","153","91","138","87","115","79","350","158","267","130","158","104","241","137","130","97","503","202","81","63"
"0600000US2502114640","Cohasset town, Norfolk County, Massachusetts","696","188","68","84","19","31","99","67","61","71","14","22","70","55","24","37","37","41","224","112","80","80"
"0600000US2502116495","Dedham town, Norfolk County, Massachusetts","2796","246","171","97","162","71","197","98","393","158","186","77","314","120","289","122","350","113","599","172","135","60"
"0600000US2502117405","Dover town, Norfolk County, Massachusetts","133","66","10","16","14","21","11","16","0","17","0","17","0","17","27","30","0","17","19","22","52","46"
"0600000US2502124820","Foxborough town, Norfolk County, Massachusetts","2479","245","79","71","195","106","264","120","306","124","220","100","431","160","102","72","254","144","505","159","123","69"
"0600000US2502125172","Franklin Town city, Norfolk County, Massachusetts","2310","275","131","82","355","155","159","85","403","201","304","129","191","106","40","21","175","112","439","158","113","69"
"0600000US2502130455","Holbrook town, Norfolk County, Massachusetts","775","231","0","19","150","117","14","23","53","68","40","40","277","129","12","20","65","65","103","99","61","52"
"0600000US2502139765","Medfield town, Norfolk County, Massachusetts","556","125","0","19","0","19","38","39","73","65","45","37","82","56","37","33","52","40","196","110","33","31"
"0600000US2502139975","Medway town, Norfolk County, Massachusetts","479","122","0","19","59","43","63","57","36","30","114","67","19","20","0","19","37","36","99","50","52","42"
"0600000US2502141515","Millis town, Norfolk County, Massachusetts","559","143","0","17","21","36","26","30","55","76","33","38","162","126","54","71","34","56","146","77","28","38"
"0600000US2502141690","Milton town, Norfolk County, Massachusetts","1391","197","44","38","138","105","115","67","107","65","123","70","163","79","140","73","144","105","314","141","103","80"
"0600000US2502144105","Needham town, Norfolk County, Massachusetts","1734","215","126","80","105","64","160","112","203","93","216","115","133","71","58","70","130","70","489","147","114","67"
"0600000US2502146050","Norfolk town, Norfolk County, Massachusetts","139","55","0","19","22","24","26","29","11","16","39","28","11","17","11","18","0","19","19","22","0","19"
"0600000US2502150250","Norwood town, Norfolk County, Massachusetts","5090","327","218","118","421","142","715","169","695","160","750","188","544","178","199","75","377","133","1007","201","164","117"
"0600000US2502154100","Plainville town, Norfolk County, Massachusetts","1057","242","83","84","59","47","150","107","199","112","97","92","189","198","35","26","94","72","151","82","0","17"
"0600000US2502155745","Quincy city, Norfolk County, Massachusetts","22174","716","832","224","1627","345","3465","401","3083","433","2503","390","2167","368","1435","288","1597","321","4443","439","1022","200"
"0600000US2502156000","Randolph Town city, Norfolk County, Massachusetts","3795","420","75","58","159","112","407","174","415","216","502","227","501","226","435","224","193","116","1026","305","82","51"
"0600000US2502160785","Sharon town, Norfolk County, Massachusetts","736","138","9","15","65","52","48","36","104","52","129","77","50","43","104","67","69","50","128","72","30","38"
"0600000US2502167945","Stoughton town, Norfolk County, Massachusetts","3070","344","45","40","198","101","260","119","301","117","430","162","317","162","114","74","278","112","900","210","227","125"
"0600000US2502172495","Walpole town, Norfolk County, Massachusetts","1580","254","27","38","134","74","155","95","231","139","176","134","200","113","28","32","255","156","288","127","86","73"
"0600000US2502174175","Wellesley town, Norfolk County, Massachusetts","1610","162","93","48","192","76","170","65","316","95","209","88","98","51","11","18","161","101","250","81","110","49"
"0600000US2502178690","Westwood town, Norfolk County, Massachusetts","824","137","101","75","11","19","33","31","122","63","40","33","57","60","19","31","79","53","284","133","78","47"
"0600000US2502178972","Weymouth Town city, Norfolk County, Massachusetts","7823","514","189","111","611","214","1273","307","939","274","976","259","557","179","503","228","860","263","1661","292","254","128"
"0600000US2502182315","Wrentham town, Norfolk County, Massachusetts","641","130","13","19","47","33","80","58","46","35","75","52","53","38","48","36","101","74","114","70","64","52"
"0600000US2502300000","County subdivisions not defined, Plymouth County, Massachusetts","0","12","0","12","0","12","0","12","0","12","0","12","0","12","0","12","0","12","0","12","0","12"
"0600000US2502300170","Abington town, Plymouth County, Massachusetts","1706","246","96","104","166","117","256","112","126","84","337","151","107","91","111","72","150","115","293","126","64","56"
"0600000US2502308130","Bridgewater Town city, Plymouth County, Massachusetts","2310","305","0","23","167","114","463","167","220","101","217","142","259","119","256","138","75","52","553","188","100","90"
"0600000US2502309000","Brockton city, Plymouth County, Massachusetts","14310","649","536","193","997","207","1080","238","1662","308","2043","340","1284","244","1255","262","1186","237","3617","411","650","202"
"0600000US2502311665","Carver town, Plymouth County, Massachusetts","396","146","7","12","49","56","0","19","14","22","27","31","44","43","34","45","42","54","164","117","15","24"
"0600000US2502317895","Duxbury town, Plymouth County, Massachusetts","645","136","5","9","86","66","113","69","120","62","87","55","21","23","0","19","8","14","153","62","52","51"
"0600000US2502318455","East Bridgewater town, Plymouth County, Massachusetts","923","165","12","21","96","62","131","83","110","60","127","81","66","67","99","83","40","33","154","79","88","68"
"0600000US2502327795","Halifax town, Plymouth County, Massachusetts","267","143","15","23","18","29","48","62","52","84","68","80","16","27","0","17","0","17","0","17","50","48"
"0600000US2502328285","Hanover town, Plymouth County, Massachusetts","586","151","0","19","44","69","19","34","35","39","71","50","21","34","109","78","51","49","165","115","71","89"
"0600000US2502328495","Hanson town, Plymouth County, Massachusetts","349","94","10","17","51","49","49","49","12","20","73","48","61","59","21","34","10","16","37","59","25","32"
"0600000US2502330210","Hingham town, Plymouth County, Massachusetts","1694","240","100","61","66","46","136","71","160","93","104","68","45","43","164","110","117","65","613","171","189","82"
"0600000US2502331645","Hull town, Plymouth County, Massachusetts","1347","199","72","52","113","73","185","92","78","39","121","73","21","25","114","72","161","103","325","122","157","82"
"0600000US2502333220","Kingston town, Plymouth County, Massachusetts","899","226","0","19","145","118","12","21","185","114","52","49","66","88","78","93","74","76","166","114","121","110"
"0600000US2502333920","Lakeville town, Plymouth County, Massachusetts","617","101","39","34","61","44","57","33","32","27","45","32","45","43","79","59","32","30","187","78","40","36"
"0600000US2502338540","Marion town, Plymouth County, Massachusetts","383","112","0","17","0","17","37","34","111","86","52","55","48","42","38","33","46","37","25","23","26","27"
"0600000US2502338855","Marshfield town, Plymouth County, Massachusetts","1795","272","74","68","202","116","115","95","199","120","98","68","156","110","103","68","169","84","474","152","205","130"
"0600000US2502339450","Mattapoisett town, Plymouth County, Massachusetts","563","176","34","38","43","47","50","46","28","33","219","127","18","29","87","94","0","17","27","31","57","76"
"0600000US2502340850","Middleborough town, Plymouth County, Massachusetts","1828","278","38","44","102","67","151","82","368","152","194","87","201","120","116","109","119","96","460","209","79","66"
"0600000US2502350145","Norwell town, Plymouth County, Massachusetts","240","66","8","13","8","12","10","15","17","18","25","23","22","23","25","39","0","19","65","53","60","39"
"0600000US2502352630","Pembroke town, Plymouth County, Massachusetts","997","217","0","19","11","18","205","113","163","101","92","53","40","38","78","96","54","53","320","167","34","40"
"0600000US2502354310","Plymouth town, Plymouth County, Massachusetts","4734","460","138","57","420","186","512","221","508","165","534","172","366","113","252","144","327","115","1375","309","302","129"
"0600000US2502354415","Plympton town, Plymouth County, Massachusetts","138","63","0","12","0","12","0","12","51","47","17","14","16","24","8","11","5","7","32","24","9","12"
"0600000US2502357600","Rochester town, Plymouth County, Massachusetts","133","54","0","17","43","40","22","25","0","17","0","17","8","12","0","17","0","17","7","11","53","36"
"0600000US2502357775","Rockland town, Plymouth County, Massachusetts","1738","318","161","132","161","127","209","108","147","108","281","149","69","64","206","182","100","89","351","179","53","65"
"0600000US2502360330","Scituate town, Plymouth County, Massachusetts","926","214","139","88","42","37","160","92","88","70","94","67","46","60","20","22","17","28","221","136","99","94"
"0600000US2502372985","Wareham town, Plymouth County, Massachusetts","2606","427","0","23","180","146","118","95","401","203","396","187","107","91","224","156","211","106","738","231","231","163"
"0600000US2502375260","West Bridgewater town, Plymouth County, Massachusetts","334","93","5","9","9","15","46","40","31","36","73","57","16","19","8","13","8","12","123","76","15","16"
"0600000US2502379530","Whitman town, Plymouth County, Massachusetts","1610","185","73","57","122","70","119","67","166","79","242","100","225","93","100","72","76","40","348","139","139","68"
"0600000US2502500000","County subdivisions not defined, Suffolk County, Massachusetts","0","12","0","12","0","12","0","12","0","12","0","12","0","12","0","12","0","12","0","12","0","12"
"0600000US2502507000","Boston city, Suffolk County, Massachusetts","175116","1746","8423","629","13672","848","19396","1008","20675","1015","20006","934","16912","971","10902","826","12490","808","43427","1555","9213","633"
"0600000US2502513205","Chelsea city, Suffolk County, Massachusetts","9829","482","383","155","647","188","1024","242","1136","231","1213","252","1147","234","429","125","787","183","2744","406","319","111"
"0600000US2502556585","Revere city, Suffolk County, Massachusetts","9635","533","377","161","490","181","1029","291","1049","197","885","204","741","171","754","229","776","225","2616","437","918","240"
"0600000US2502581005","Winthrop Town city, Suffolk County, Massachusetts","3453","304","71","55","132","72","412","153","389","126","497","169","273","114","176","88","210","88","1056","258","237","97"
"0600000US2502701885","Ashburnham town, Worcester County, Massachusetts","173","87","13","21","56","79","0","17","31","34","0","17","21","35","0","17","0","17","23","35","29","33"
"0600000US2502702480","Athol town, Worcester County, Massachusetts","1299","197","75","62","103","64","102","64","155","73","164","64","79","42","157","91","62","66","350","145","52","34"
"0600000US2502702760","Auburn town, Worcester County, Massachusetts","1005","177","0","19","141","76","132","69","145","69","64","47","138","70","77","59","112","65","132","73","64","41"
"0600000US2502703740","Barre town, Worcester County, Massachusetts","344","208","0","17","74","90","63","80","56","92","0","17","0","17","0","17","88","124","16","27","47","43"
"0600000US2502705490","Berlin town, Worcester County, Massachusetts","206","80","17","13","22","24","62","54","21","14","32","41","7","10","5","10","0","12","31","24","9","14"
"0600000US2502706015","Blackstone town, Worcester County, Massachusetts","787","160","8","12","77","60","106","64","186","119","95","55","50","44","52","46","78","56","100","67","35","27"
"0600000US2502706365","Bolton town, Worcester County, Massachusetts","113","48","6","11","11","20","7","10","0","17","0","17","22","17","7","12","19","30","0","17","41","32"
"0600000US2502707525","Boylston town, Worcester County, Massachusetts","300","79","24","25","10","15","60","39","24","24","64","46","25","22","24","23","10","16","35","24","24","23"
"0600000US2502709105","Brookfield town, Worcester County, Massachusetts","185","63","0","12","63","57","56","46","18","21","12","15","7","12","0","12","7","11","0","12","22","26"
"0600000US2502712715","Charlton town, Worcester County, Massachusetts","1058","212","35","42","132","77","239","97","52","43","113","93","64","62","11","17","105","69","112","63","195","140"
"0600000US2502714395","Clinton town, Worcester County, Massachusetts","2615","267","18","18","215","88","474","124","363","138","621","198","202","92","136","81","125","72","399","102","62","42"
"0600000US2502717300","Douglas town, Worcester County, Massachusetts","620","168","69","72","45","42","196","136","26","38","0","17","14","23","28","33","82","88","48","75","112","111"
"0600000US2502717685","Dudley town, Worcester County, Massachusetts","1258","200","34","40","89","51","260","119","183","98","139","90","97","74","114","82","96","60","203","108","43","35"
"0600000US2502718560","East Brookfield town, Worcester County, Massachusetts","124","51","0","12","21","29","10","10","17","19","8","9","0","12","3","5","7","10","37","26","21","27"
"0600000US2502723875","Fitchburg city, Worcester County, Massachusetts","6955","420","236","91","549","192","884","229","765","232","932","218","707","169","536","188","385","117","1685","279","276","95"
"0600000US2502725485","Gardner city, Worcester County, Massachusetts","3946","319","192","117","350","120","510","147","428","137","579","176","490","172","221","98","306","138","676","153","194","105"
"0600000US2502726430","Grafton town, Worcester County, Massachusetts","1650","189","35","33","154","81","302","124","212","102","212","125","166","67","95","50","97","74","225","83","152","78"
"0600000US2502728740","Hardwick town, Worcester County, Massachusetts","393","92","19","17","0","12","19","17","23","19","50","46","8","10","41","45","47","43","126","67","60","54"
"0600000US2502728950","Harvard town, Worcester County, Massachusetts","89","37","0","17","17","19","17","20","0","17","32","31","0","17","0","17","16","15","7","11","0","17"
"0600000US2502730560","Holden town, Worcester County, Massachusetts","782","132","36","46","46","36","136","61","46","44","118","48","83","44","44","47","96","63","90","55","87","44"
"0600000US2502730945","Hopedale town, Worcester County, Massachusetts","345","102","13","21","81","74","35","40","0","17","51","55","25","29","23","28","13","20","66","49","38","45"
"0600000US2502731435","Hubbardston town, Worcester County, Massachusetts","222","88","0","12","46","33","0","12","26","28","59","51","10","15","11","16","9","14","51","59","10","16"
"0600000US2502734165","Lancaster town, Worcester County, Massachusetts","580","204","45","72","93","100","24","39","44","44","43","58","28","36","31","26","160","143","0","17","112","96"
"0600000US2502734795","Leicester town, Worcester County, Massachusetts","932","200","96","55","113","69","173","91","57","52","150","100","30","35","49","56","39","36","78","49","147","118"
"0600000US2502735075","Leominster city, Worcester County, Massachusetts","7108","445","211","104","796","235","1011","281","883","285","921","241","586","163","404","175","519","165","1426","286","351","173"
"0600000US2502737420","Lunenburg town, Worcester County, Massachusetts","700","174","27","32","77","78","92","54","139","101","44","26","0","19","122","104","20","26","110","77","69","59"
"0600000US2502740255","Mendon town, Worcester County, Massachusetts","221","99","0","17","31","25","86","80","26","32","36","41","0","17","10","17","0","17","21","26","11","18"
"0600000US2502741165","Milford town, Worcester County, Massachusetts","3422","346","103","65","306","113","529","171","346","133","421","168","199","100","159","120","316","129","863","201","180","112"
"0600000US2502741340","Millbury town, Worcester County, Massachusetts","1411","178","94","93","139","97","199","106","171","83","111","62","175","97","79","49","70","61","270","96","103","89"
"0600000US2502741585","Millville town, Worcester County, Massachusetts","279","82","6","9","12","11","71","49","49","34","25","36","48","42","14","16","6","8","48","42","0","12"
"0600000US2502745105","New Braintree town, Worcester County, Massachusetts","63","28","0","12","10","14","2","5","5","5","4","7","5","5","4","5","7","12","6","6","20","19"
"0600000US2502746820","Northborough town, Worcester County, Massachusetts","1034","165","31","29","114","59","81","55","118","66","151","72","97","64","60","61","62","41","213","90","107","70"
"0600000US2502746925","Northbridge town, Worcester County, Massachusetts","2245","243","66","50","120","76","315","127","498","183","197","103","186","90","114","95","273","140","352","158","124","74"
"0600000US2502747135","North Brookfield town, Worcester County, Massachusetts","495","116","6","10","82","65","63","53","21","22","78","42","74","52","40","45","48","47","51","32","32","29"
"0600000US2502750670","Oakham town, Worcester County, Massachusetts","34","16","0","12","3","4","3","5","9","9","3","5","3","4","3","4","0","12","3","5","7","8"
"0600000US2502751825","Oxford town, Worcester County, Massachusetts","1397","290","0","19","306","186","151","94","173","117","30","35","228","123","47","76","87","62","272","154","103","60"
"0600000US2502752420","Paxton town, Worcester County, Massachusetts","69","32","0","12","0","12","7","12","0","12","18","21","7","11","0","12","6","11","7","11","24","22"
"0600000US2502753120","Petersham town, Worcester County, Massachusetts","67","30","14","17","0","12","16","14","8","8","6","7","0","12","3","5","3","5","14","16","3","5"
"0600000US2502753225","Phillipston town, Worcester County, Massachusetts","54","26","6","5","8","8","15","15","0","12","0","12","5","7","3","5","4","5","0","12","13","14"
"0600000US2502755395","Princeton town, Worcester County, Massachusetts","56","32","9","15","8","13","11","16","9","16","0","12","0","12","0","12","9","15","10","16","0","12"
"0600000US2502758580","Royalston town, Worcester County, Massachusetts","105","46","4","6","19","19","3","6","2","4","19","24","3","6","11","17","0","12","19","18","25","19"
"0600000US2502758825","Rutland town, Worcester County, Massachusetts","516","170","23","36","137","108","16","26","46","75","105","99","29","34","0","17","35","33","83","89","42","38"
"0600000US2502761800","Shrewsbury town, Worcester County, Massachusetts","3594","338","75","55","379","159","568","179","517","194","548","201","336","160","257","144","308","157","449","184","157","88"
"0600000US2502763165","Southborough town, Worcester County, Massachusetts","355","89","10","18","37","29","64","38","30","27","64","43","18","21","12","19","56","59","35","31","29","26"
"0600000US2502763345","Southbridge Town city, Worcester County, Massachusetts","3801","244","97","62","450","132","492","138","405","129","399","134","410","147","167","73","325","107","900","207","156","81"
"0600000US2502766105","Spencer town, Worcester County, Massachusetts","1436","207","0","19","195","121","229","152","185","115","154","114","113","93","97","95","55","54","314","136","94","73"
"0600000US2502767385","Sterling town, Worcester County, Massachusetts","265","113","32","34","68","65","32","35","0","17","0","17","62","50","0","17","41","38","0","17","30","34"
"0600000US2502768155","Sturbridge town, Worcester County, Massachusetts","677","221","15","26","58","58","73","60","127","101","167","113","65","102","6","9","42","44","81","80","43","43"
"0600000US2502768610","Sutton town, Worcester County, Massachusetts","339","147","0","17","57","59","114","105","27","33","42","44","60","74","0","17","0","17","26","31","13","20"
"0600000US2502769275","Templeton town, Worcester County, Massachusetts","586","248","17","27","93","89","76","66","49","45","66","65","96","96","104","145","45","69","0","17","40","46"
"0600000US2502771480","Upton town, Worcester County, Massachusetts","399","135","14","22","113","86","20","25","47","39","48","61","67","73","0","17","53","67","24","27","13","21"
"0600000US2502771620","Uxbridge town, Worcester County, Massachusetts","986","178","13","21","118","80","146","89","142","101","79","76","125","81","48","61","82","78","159","90","74","58"
"0600000US2502773090","Warren town, Worcester County, Massachusetts","413","164","0","17","0","17","78","87","139","81","50","56","14","21","27","43","13","23","65","63","27","45"
"0600000US2502773895","Webster town, Worcester County, Massachusetts","3151","223","193","100","319","120","363","116","294","104","358","133","349","120","322","114","290","91","607","152","56","40"
"0600000US2502775015","Westborough town, Worcester County, Massachusetts","2619","252","80","49","247","108","372","113","454","165","271","111","225","99","202","84","171","82","530","184","67","46"
"0600000US2502775155","West Boylston town, Worcester County, Massachusetts","404","100","8","15","21","24","62","42","64","42","28","26","28","23","0","17","38","36","106","55","49","38"
"0600000US2502775400","West Brookfield town, Worcester County, Massachusetts","492","157","24","38","38","45","18","16","89","62","0","12","9","14","95","95","79","57","115","82","25","34"
"0600000US2502777010","Westminster town, Worcester County, Massachusetts","261","117","0","17","48","53","61","58","30","35","0","17","17","26","40","46","17","27","48","54","0","17"
"0600000US2502780405","Winchendon town, Worcester County, Massachusetts","1068","205","59","73","137","111","79","58","232","132","41","39","97","58","73","61","102","91","173","116","75","62"
"0600000US2502782000","Worcester city, Worcester County, Massachusetts","42042","970","1423","317","2972","377","3651","437","4237","466","5310","487","3982","486","2508","365","3516","457","10966","747","3477","410"
